merchant_id,merchant_name,merchant_category,city
1,Albert Heijn Tilburg,Supermarket,Tilburg
2,Jumbo Breda Centrum,Supermarket,Breda
3,Eetcafe De Markt,Restaurant,Tilburg
4,Shell Tilburg,Fuel,Tilburg
5,H&M Eindhoven,Clothing,Eindhoven
6,MediaMarkt Eindhoven,Electronics,Eindhoven
7,Booking.com,Travel,Amsterdam
8,Etos Rotterdam,Healthcare,Rotterdam
9,Pathé Tilburg,Entertainment,Tilburg
10,Bol.com,Online Shopping,Utrecht
11,NS,Public Transport,Utrecht
12,Lidl Rotterdam,Supermarket,Rotterdam
13,IKEA Eindhoven,Electronics,Eindhoven
14,Zalando,Online Shopping,Amsterdam
15,Kruidvat Breda,Healthcare,Breda
